filename,length,chroma_stft_mean,chroma_stft_var,rms_mean,rms_var,spectral_centroid_mean,spectral_centroid_var,spectral_bandwidth_mean,spectral_bandwidth_var,rolloff_mean,rolloff_var,zero_crossing_rate_mean,zero_crossing_rate_var,harmony_mean,harmony_var,tempo,mfcc1_mean,mfcc1_var,mfcc2_mean,mfcc2_var,mfcc3_mean,mfcc3_var,mfcc4_mean,mfcc4_var,mfcc5_mean,mfcc5_var,mfcc6_mean,mfcc6_var,mfcc7_mean,mfcc7_var,mfcc8_mean,mfcc8_var,mfcc9_mean,mfcc9_var,mfcc10_mean,mfcc10_var,mfcc11_mean,mfcc11_var,mfcc12_mean,mfcc12_var,mfcc13_mean,mfcc13_var,mfcc14_mean,mfcc14_var,mfcc15_mean,mfcc15_var,mfcc16_mean,mfcc16_var,mfcc17_mean,mfcc17_var,mfcc18_mean,mfcc18_var,mfcc19_mean,mfcc19_var,mfcc20_mean,mfcc20_var,predicted_mood
,3824128,0.42351887,0.09060635,0.27254277,0.013953237,2627.202617954832,719122.7618624201,2640.8235710569224,307809.5504949494,5664.401326007153,2726026.3994334047,0.1101615446159638,0.0044290531023658,1.2149474e-05,0.0392111,151.99908088,-36.3667,12377.287,70.41143,742.69617,-1.0365595,434.7718,21.670057,266.10895,2.6902196,190.05898,10.80971,232.67874,7.441801,136.38184,8.129592,135.92857,6.766665,103.47498,9.795075,78.766045,0.18167971,85.80055,5.2098465,55.513744,-1.0999961,56.770397,3.5823104,54.24436,-1.1429918,51.757797,3.2492971,61.38935,-0.66355854,58.042187,1.4838437,80.958694,-2.1299782,66.256836,2.582444,60.240036,metal
,3908608,0.5056147,0.08593685,0.31511322,0.015609483,2021.3827132571023,647854.4808742941,2235.626529761856,309469.3247108352,4217.10649711444,2566659.979736369,0.0721868348886706,0.0025727278029858,-1.569611e-05,0.07648113,103.359375,-62.323963,11278.642,84.37392,1666.1838,-11.464835,482.4757,34.74882,409.78174,11.964319,330.05698,16.31364,293.18646,10.270565,157.56583,10.08108,135.29434,0.58841026,213.96808,9.339034,108.10519,0.23819433,114.88605,7.7927265,79.679,1.4561756,84.46524,2.6161978,85.09,-0.013497427,71.597496,6.00408,74.19269,-1.077659,95.89621,3.9085672,58.84099,1.7832308,58.64404,3.497999,56.417534,metal
,5564416,0.31629252,0.0890254,0.16089827,0.007793007,2160.531903812709,545240.2619130509,2314.75243961886,265007.28456253593,4497.549934608319,2847097.4202303537,0.0980523467689069,0.0025179230745694,9.8069286e-05,0.019821528,161.49902344,-100.42108,11792.601,96.06592,856.4896,-14.753022,487.07632,7.194879,217.53944,-4.683402,171.34987,-0.3216427,245.10985,-5.0969796,142.02272,0.6285606,127.04057,-4.483423,134.29347,5.365949,94.18312,0.24412176,84.62489,2.9022615,74.56758,-4.745589,87.66552,-4.766104,85.60285,-4.093297,78.24685,-0.2661201,84.203674,-4.7936034,88.06307,2.2823584,113.50214,-6.3634367,95.803825,-0.4079271,82.87599,classical
,6328832,0.32216308,0.09758768,0.25561294,0.015870342,2071.6095286252703,489204.6974601983,2361.683150801142,209008.1892288196,4420.948454531781,2700466.873388535,0.0781587317737825,0.0021191403388552,-6.256465e-05,0.04751047,117.45383523,-75.7815,11235.709,95.649185,958.7172,-1.0169913,361.0812,16.508957,341.00098,3.938421,167.90343,4.9626684,156.34729,0.34761643,138.82057,5.532031,130.1464,-6.0501084,81.69232,4.5628843,111.87193,-5.0329657,100.57513,-0.5515931,104.88955,-4.2540784,72.89166,3.1075096,87.12285,-2.567297,97.85464,-0.33873653,98.48932,3.5080783,198.53989,-0.08046118,99.05215,0.89224887,126.2279,1.6377555,127.66807,jazz
,7096832,0.30998087,0.09153179,0.23472118,0.009382352,1833.729447479552,776562.5093806059,2283.380064078467,484381.99564955145,4250.815384247967,4070108.30843461,0.0605091496199141,0.0020217064130574,-0.0063097775,0.05027989,99.38401442,-104.93724,9403.102,98.39739,1343.8959,17.707293,417.01688,32.79871,340.7387,10.710219,193.36362,14.4694395,112.140495,-1.6761267,137.88254,4.620412,67.00276,-1.6789216,90.83774,2.754222,78.63927,2.8863,106.24664,7.3609867,59.76098,1.0476632,70.080574,5.4012647,71.49624,1.8482724,66.07054,0.7942533,57.273247,-1.575318,77.337814,2.88352,70.411125,-2.0688105,91.0334,1.1643952,71.8783,jazz
,4279808,0.3792027,0.09234492,0.21505733,0.007265569,1974.235596867708,287914.9091150361,2273.571409375727,139210.66848042476,4117.631389125112,1766472.1422509858,0.085928738972787,0.001574995110155,5.6376655e-05,0.0237772,89.10290948,-64.801895,5976.4824,104.14512,724.14557,-7.492504,442.54346,19.956795,249.45107,4.8079805,156.18416,7.7059474,145.86871,1.5360111,106.07838,3.294098,99.641594,-3.8609347,89.94885,4.1201277,92.766235,-2.2037857,83.30708,0.74536437,74.349655,-5.0722823,68.387955,1.6413924,64.83741,-4.5852256,75.27,3.0057054,84.331,1.2421856,107.41038,2.1031299,72.11738,0.40781704,103.83487,-1.8623046,99.07902,jazz
,4869120,0.5000287,0.088196635,0.22185835,0.028393487,2821.530054476056,696564.5787753201,2800.3222520419627,162194.1642784817,6118.904975776403,2169912.5183226154,0.1147835709145988,0.0061073175871423,0.00033766375,0.045408014,143.5546875,-113.208984,22585.506,67.138374,909.27295,3.3548253,836.0357,20.405554,387.40936,2.7969131,298.59573,5.416819,251.71294,6.6498485,154.89392,2.107285,121.96366,3.944206,113.719536,6.841261,99.766685,-3.0085347,91.55234,4.9886265,87.145645,-2.3505905,69.89813,8.129667,75.786674,2.0450687,73.55448,2.8119955,65.78514,3.2848594,66.18319,1.416678,66.13156,-0.15709986,71.3426,2.896954,63.080585,hiphop
,2970112,0.4647334,0.08887433,0.23763753,0.020742876,2434.106275116393,745597.5570658441,2279.2631624909877,443666.15424239245,5002.35756022977,3401706.015441497,0.1213236680239572,0.005838949882396,-3.960831e-06,0.047831655,151.99908088,-60.17313,7946.169,83.9405,2389.0986,-26.791286,1566.8597,18.757975,847.53265,-7.2530847,450.063,2.8642523,343.7756,0.19885242,196.14215,3.3944461,158.82571,-2.7140656,229.96497,4.572955,134.58136,-1.7667739,141.81757,-2.5316877,129.86215,-0.06565245,99.89105,7.1869454,92.26549,-2.2351,103.68919,-1.296415,87.88051,-3.8696072,53.089165,1.0771286,57.313255,-4.143059,66.56044,-1.6809304,63.020317,hiphop
,5997056,0.32461503,0.08840955,0.2834276,0.011108816,2240.289548533839,390885.2799308482,2493.051543580624,293551.4070719083,4927.634747117499,2303761.4246582403,0.1012769259139704,0.0016894762673842,-0.00015017291,0.036440216,143.5546875,-31.681211,11674.356,90.73209,649.8004,-0.49047017,325.4606,6.773168,411.37622,-1.104837,147.7649,9.043378,214.99506,1.2613816,168.94174,-4.673008,113.93196,-2.3793554,109.73998,4.748915,99.98436,-0.7669066,105.865585,4.4327397,93.28293,-4.539676,67.60429,-1.6396346,65.259125,-3.2087593,54.52321,-1.2509793,61.92144,-2.1411986,51.888084,2.0319445,62.67424,-1.2336537,75.3995,5.270289,93.26566,disco
,4320768,0.35170618,0.09901636,0.24352269,0.021615626,2133.074402794202,901871.4247333556,2419.1780954895444,332095.86116914894,4521.690734574016,4488114.1883892575,0.0830332100673874,0.0032626528922347,-8.837354e-05,0.043009773,129.19921875,-104.43262,10331.439,97.83208,1582.1803,0.65331686,508.09644,14.504534,314.18295,-1.4209286,284.34625,-2.5434744,276.97577,4.8620653,238.90208,-8.934814,227.69215,-0.23646934,174.12459,1.6978935,131.42928,-0.684437,111.694,4.433874,91.174416,-2.6899648,103.719826,4.6746264,98.49191,-5.984461,89.30665,0.6749377,81.10118,-1.5206051,69.47541,0.78259945,63.206688,-2.9180713,75.14602,1.3206964,63.28556,hiphop
,5090304,0.35922876,0.102433816,0.24024487,0.021763686,1692.6489339147483,872596.6361783408,2272.145022700811,727414.1279495147,3987.10980715076,4974212.359471909,0.0485968261276777,0.0019685037026633,-4.8962456e-06,0.036716886,103.359375,-138.54184,15549.695,93.60466,1622.6737,24.11181,333.88107,27.03651,224.55115,7.7206736,111.33347,12.904681,135.7799,3.247812,90.28031,0.55056,132.96558,2.4178855,71.39458,3.7638655,81.62359,4.8397512,77.295204,3.5430274,59.113396,-7.137384,71.913605,3.3952124,54.005844,-1.697466,61.602314,-2.6032212,66.29342,-1.5710629,63.422974,1.162141,63.926933,1.4810553,88.207756,2.060353,89.971985,blues
,4965888,0.33135206,0.0910098,0.20605859,0.007751685,2531.1537001799284,1003098.79129013,2511.078141736514,518791.4631212734,5397.514915230348,4656516.27076867,0.1212551848421391,0.0050503344561952,0.0002800234,0.020204647,151.99908088,-77.78938,17768.549,71.338715,1252.0995,-6.3204045,442.90762,3.0275939,361.05252,1.5247287,199.97281,4.2297363,221.22209,-6.7099953,154.04265,1.5283399,114.28709,-2.027018,108.192154,7.0896487,107.50861,-3.3310542,94.54131,-0.38827774,106.73702,-6.4200163,89.94341,-1.7148929,108.879524,-2.684772,87.23382,4.460394,82.30079,-3.5054183,97.45362,6.011518,116.694626,-5.482348,106.306305,-3.3923724,140.69362,rock
,5124096,0.3098656,0.097032964,0.23335107,0.010365406,2291.1624937914376,535667.9208671614,2519.383206175262,169996.17321299124,5006.722514190354,2676351.9469992686,0.0961797468216105,0.002894737734854,1.5817433e-05,0.035053577,135.99917763,-76.55425,7296.243,88.03381,831.1075,6.2431355,660.9187,18.72745,387.0558,1.0951835,341.7679,7.1654205,293.74118,-0.99494624,273.80075,1.946978,147.07797,-2.8335528,128.31638,5.183683,144.29172,-5.3862834,162.58388,-0.8173647,122.29727,-3.101433,116.24323,3.5850651,107.43872,1.7455674,104.23894,4.5159173,135.78265,-0.3353414,129.88223,3.1476195,138.7722,-1.088825,109.024025,-3.2068534,88.700005,blues
,5169152,0.31033957,0.09195057,0.230982,0.009817752,2142.938195021756,696561.2718575042,2429.795414893514,409344.6906883647,4627.027261829782,3934117.062161984,0.091269713079999,0.0023090301245099,-8.915267e-06,0.0324619,123.046875,-72.88994,10970.53,100.324165,1059.4873,4.845309,394.6518,16.09779,309.22833,6.800161,210.21239,2.7632272,159.7384,2.2766328,116.34364,0.8630593,107.104675,-3.4023163,114.71369,3.00779,96.22483,-7.0310054,112.14864,1.0449183,84.81621,-5.360996,80.91518,-0.21349062,75.86959,-5.8862834,94.17639,1.1849245,78.09696,-6.5703735,100.555336,-0.10369255,83.613075,-5.6818547,70.296936,-1.4540187,100.17011,country
,7813120,0.5186671,0.09255549,0.27377915,0.020915393,2188.4807192345247,1254194.9427244514,2470.118595003425,610586.4616455267,4737.306803993329,6344416.507514724,0.0787748258428346,0.0061029710253485,-9.039863e-05,0.07143135,99.38401442,-122.88259,14585.762,80.47373,2080.799,8.949092,1662.3215,13.949077,662.36456,11.281423,458.0342,7.179013,258.15424,3.4880466,216.73506,11.054573,170.82103,-0.13034879,170.50537,11.501125,134.28633,4.5231338,112.65954,8.655919,102.26407,2.061579,93.90243,3.9900932,69.727325,0.3308228,79.652054,5.7214794,66.289055,1.6808388,58.062206,4.150265,60.872677,0.33783463,59.61324,5.907279,57.416653,hiphop
,3904512,0.3355166,0.08920563,0.22843276,0.012655137,2436.780543241888,1266751.384987472,2572.1650250304083,524128.5075306355,5275.475249960052,5672187.851374192,0.0929170345688016,0.003034287684499,-2.9569226e-06,0.039380442,92.28515625,-81.53016,12284.371,80.38357,1327.6371,15.116344,484.58438,17.417084,219.65904,-0.721385,175.82169,8.186786,114.66992,5.819529,142.54109,6.4876113,110.3373,3.0796652,115.90148,10.058002,74.71531,2.9184532,77.13481,7.565899,97.55674,-6.0714946,85.25599,0.9851728,63.843544,-3.7911506,76.36556,-5.2441425,63.483166,-9.400941,59.01252,0.8380864,50.497444,2.2586274,82.6926,5.9776897,98.12106,rock
,6118400,0.2620354,0.08762856,0.22603104,0.0045920694,1906.3496946804,672996.1081293297,2170.958903277015,400558.0696163245,4173.056748078743,3817248.351655564,0.0755948116266421,0.0017912685276137,-3.111806e-06,0.04016785,117.45383523,-99.06062,9178.429,97.894844,1467.755,0.46160468,555.22327,29.204174,304.01276,7.8085713,175.95406,16.359005,97.16103,-7.662861,175.95375,5.858705,81.243256,-5.9839096,113.85269,3.5330522,96.39372,2.9016452,109.9431,-0.3031041,80.5327,-9.520867,84.07688,-0.23619857,110.29402,-2.5192118,87.902145,-4.217694,87.79257,-7.9535837,122.593475,2.4678807,97.83003,-6.8614492,107.258736,-2.0994985,109.02849,rock
,6235136,0.34221616,0.0924172,0.24887411,0.010802614,2656.745682477151,910744.9029280528,2708.577665109748,292766.738727724,5814.610185661539,3438267.1137909093,0.1115295074385212,0.0078509875860227,1.9483912e-06,0.041639347,112.34714674,-49.16391,6961.486,75.8038,1184.7367,8.15127,314.9152,20.653694,273.9865,7.5113015,153.1261,8.021942,128.07442,1.7152548,124.54935,9.3099785,86.44512,-0.952065,143.59865,5.4586573,134.31267,-0.8149661,118.40943,-0.90614325,94.85927,-1.332328,102.01081,2.399127,67.2645,-1.4257216,57.04368,1.5394708,43.564598,-5.8576717,59.289104,-1.3726716,42.65676,-6.6806335,51.235573,-1.9358759,65.88777,rock
,4814336,0.36975485,0.09372989,0.29114047,0.011335487,3021.0514930509376,596572.0171203247,2902.446771875132,107367.51547901276,6551.822809359714,2062044.468939721,0.1282768427996065,0.0041747512645864,-0.00017648627,0.03917695,95.703125,-20.38081,5379.779,60.597553,526.7961,10.527027,316.3805,21.028553,307.6487,2.2164867,164.92299,5.951512,235.95422,3.8823814,151.29066,3.2041848,202.2081,-0.7979367,105.061874,6.4852595,94.99678,-4.7690477,80.81242,0.7874689,74.34822,-7.298789,109.904785,-1.4892424,88.238,-2.7176464,78.26272,3.446114,94.39787,2.6115623,130.09549,8.713713,118.3895,-0.70068944,127.53623,-0.7895463,129.18054,disco
,4086784,0.32574,0.09286325,0.21053338,0.012159277,2074.3510942013777,872443.7786348675,2349.8223324594,356061.0594991647,4419.566536164741,3831608.742349915,0.0825338438909244,0.004698361312954,1.7427852e-05,0.03475063,95.703125,-101.75217,11418.732,93.74972,1450.8027,3.0426493,395.66882,13.959613,282.2492,-1.7749466,333.55914,-1.8231944,168.57736,-11.488493,206.90343,-0.0051656705,155.71236,-12.494263,282.03406,-0.6082988,144.18604,-5.418212,127.31582,-7.830481,150.36302,-5.007646,90.71062,-5.358219,88.618034,-8.036577,89.03653,-2.8958075,98.39086,-9.307573,101.75762,1.1559215,93.61697,-4.311971,92.54298,-2.3146656,85.11938,rock
,4342272,0.37997413,0.089119576,0.26309744,0.01290547,1970.926374580921,442593.373341774,2415.83572307633,247370.42703604652,4293.529539461322,3718704.856327849,0.0774587223311129,0.0013203385598823,-1.6474447e-05,0.04627762,92.28515625,-52.318882,9221.432,107.5551,619.49005,3.486339,498.04196,7.2259436,226.16228,8.410258,196.06844,2.4526546,149.36906,-1.5716877,146.27718,7.622871,74.789764,4.165255,73.68198,6.361601,61.657017,-2.900337,73.45867,6.525354,45.64422,2.2130396,51.535187,0.50544405,51.87411,-2.576815,59.501137,3.8709247,44.40599,-2.620407,54.777416,2.4688795,50.14587,-0.947972,42.804276,2.5670207,51.324955,pop
,8336384,0.37419218,0.0900625,0.15364541,0.0030095552,2230.098473282176,455456.6581094214,2417.396477269192,206729.91941216172,4899.669244404632,2303392.5218959195,0.0821459509630442,0.0021279948657854,-3.1754033e-05,0.01990153,89.10290948,-115.82193,8389.449,86.56917,891.7201,-2.0842214,400.4469,24.545828,212.1936,-0.07303378,213.394,9.544381,141.51064,1.1826055,137.21669,9.235821,105.35181,-5.4750805,136.70033,8.414631,92.00124,0.6217905,87.36539,1.8326083,70.226974,0.013555975,72.016624,3.3565643,66.82199,-4.833819,74.360565,4.9330196,73.87061,-4.000325,80.16193,1.7152432,59.733517,-4.586702,56.470398,-2.4861887,61.671898,metal
,4022784,0.33914626,0.09644328,0.27297643,0.012691023,2171.3031020632598,493343.8262513013,2489.437238858774,164187.09281710838,4781.822077595086,2593183.378375199,0.0796785769677398,0.0022483569392966,-8.188404e-05,0.050661374,117.45383523,-52.670696,6354.852,94.59162,912.0863,4.469891,280.43747,20.473288,297.49576,5.6044893,172.82831,5.2596436,139.78569,0.6212321,128.94188,7.2939725,127.04935,-5.171503,72.14922,5.5069284,104.5479,-3.7024136,100.93749,2.573456,67.90296,-4.080074,64.37175,2.3611815,79.9317,-0.98240334,74.29952,0.96830034,88.37056,2.2730649,146.67662,1.7194073,88.59389,1.3986189,124.02819,1.5201454,113.81842,jazz
,5837312,0.45722395,0.089940876,0.12391619,0.0049734474,2228.3120773912883,1148415.5651642028,2660.808674131567,561301.9333611343,5273.1834327311,6589613.726211995,0.0704077409664971,0.0033001464410033,8.028853e-05,0.014246294,129.19921875,-172.0148,10167.4,92.29448,1186.2534,21.312737,640.9021,12.376069,495.2195,14.188281,229.54126,10.30933,166.03554,4.11553,136.43858,8.842479,151.50899,4.89366,108.47167,12.74644,152.38022,-4.3439527,99.09797,5.610655,68.44901,-0.82539266,57.36293,5.274483,61.76004,0.9749038,66.19305,3.5463145,71.75982,0.67216015,65.33136,4.1990895,90.803566,2.0940487,80.78609,5.514239,92.41966,hiphop
,5942272,0.45378616,0.08742175,0.11628556,0.002513468,2291.429388516979,597015.1802556874,2426.2656628739555,351888.0999150189,4988.636702091141,3413693.900534712,0.0983368232801326,0.0026741998776309,-1.3026845e-05,0.007963046,123.046875,-112.871025,6819.9644,95.42945,1175.4154,-11.651241,740.8149,9.396801,265.66,2.0313818,235.5989,7.795716,260.4504,3.5145628,154.1235,8.245338,105.527504,-1.6313025,122.56615,10.123267,89.644196,-0.019542146,68.85021,2.378477,97.526276,-0.27724096,62.9804,3.150647,74.51148,-0.02562183,72.394554,2.6893718,85.42508,-0.4657599,70.96535,3.532045,70.8863,-2.92433,61.002148,3.1709826,66.07907,metal
,3712512,0.46216288,0.09023115,0.25413328,0.021460589,2110.363249915919,722375.20993468,2384.9880908313653,324437.2494014334,4492.640644795186,3173599.3511711126,0.0836471835355763,0.0052516996839088,-3.8495982e-05,0.054238908,99.38401442,-98.40477,6770.557,85.74195,1308.2377,-4.6357145,805.5336,24.28442,914.49243,11.535311,485.1807,-3.2107587,306.45477,0.22145905,290.30405,-1.2566637,245.15393,-10.105817,201.32405,4.379554,203.04799,-6.7322626,195.43164,2.0821452,154.31522,0.51991636,119.972015,3.0703804,112.90318,3.1702268,100.3412,2.9248421,102.07658,-2.2685988,89.259995,6.8628206,73.76686,-0.978016,87.50372,1.1056526,80.56428,hiphop
,4368896,0.36854342,0.097381786,0.2665618,0.019528523,1896.141438196148,579684.078044947,2273.878890075699,285789.03246101044,4036.7690829055114,3164030.29994518,0.074447385091985,0.0028661763803363,-4.869923e-06,0.051533893,123.046875,-87.2237,11706.96,101.15129,1089.7842,2.2755365,546.98413,10.287224,409.16055,4.3327594,283.4998,8.387393,233.92563,-1.1651953,183.29787,4.621596,145.33682,-4.442823,132.56592,5.705281,132.85562,-2.4630642,115.05741,1.3703305,87.32874,-2.0305285,88.30305,0.08082405,105.605255,-1.0019598,92.72083,4.8368745,115.50717,1.5606064,139.61855,9.459191,144.54187,5.0656013,136.23804,6.0487313,159.50238,blues
,5109760,0.3609162,0.09349722,0.18577123,0.010758232,2177.0992587464284,696835.9172805672,2443.486479371558,285951.03856579924,4709.3585551806245,3683479.150455118,0.086779676306858,0.0029612456772284,2.9272465e-05,0.017459987,99.38401442,-99.42362,9855.528,94.8518,1144.8989,1.0039905,644.3141,14.187773,368.0399,3.599046,238.90677,2.2658274,148.87006,-0.39948973,132.48837,-1.5775943,95.55533,-12.389674,129.07042,1.6187323,94.151726,-2.3924608,90.70615,-4.6532183,120.88876,-4.8091335,73.61082,-2.413879,70.02353,-5.0324116,63.099056,-3.4825315,78.64717,-6.9402,63.512535,-0.39528632,50.48861,-3.4914157,69.572556,1.4850869,79.94852,disco
,4460544,0.40338174,0.0932484,0.20318455,0.014238897,2499.5769185281947,967380.802574674,2454.449688447332,385976.890799005,5200.143749596508,3581928.245313696,0.1062183483013887,0.0054098296263469,1.4626655e-05,0.028273419,83.35433468,-88.92744,10847.098,72.78161,1326.981,-6.46809,701.7348,26.781288,352.64755,1.4139229,366.4124,5.0166354,206.94942,2.9824417,221.79106,1.1300243,190.07106,-7.1184797,210.11546,4.848879,177.88068,-3.6547766,154.04497,3.342083,128.67726,-1.6282761,91.85481,-1.6014836,98.14605,-1.17487,95.33178,3.1624613,72.98694,-4.1931906,102.33924,7.739613,96.546814,-2.2806563,93.105865,-0.6600819,64.60056,reggae
,4377088,0.39940062,0.087683335,0.33680147,0.01043986,2356.540218145293,1182591.67184901,2669.047617744722,543367.5669276627,5396.050704152961,6405004.440279829,0.0748369540387426,0.0022812378661323,-0.00015306215,0.07634566,129.19921875,-44.89064,7713.006,92.65198,1378.1257,15.901136,737.68506,14.283659,269.8956,8.8148985,253.53406,8.720211,149.02553,5.8227525,147.27893,4.110174,127.128876,-0.785257,99.45023,7.3518324,95.75028,3.6131039,92.070854,7.1750665,65.28091,0.40050137,78.36587,6.671463,74.24513,1.3816317,71.42395,3.9300635,62.4966,-2.7380993,66.600845,3.16502,72.63382,3.1308324,68.687935,4.772163,86.700584,rock
,4051968,0.3804807,0.09336621,0.2956462,0.016647516,2012.393660035356,670714.812671833,2409.6072350163204,397542.3779861128,4533.446602450845,4030605.029494505,0.0696260684815224,0.001608529230428,-1.0186244e-06,0.0754999,103.359375,-68.833115,10961.451,95.0516,941.3651,8.688595,492.0412,21.188696,233.87915,10.278514,196.66147,11.670349,208.87073,2.1530094,144.32263,6.2085686,135.93481,2.5244117,140.87987,7.6699796,119.98863,-0.77782995,86.86039,6.1745424,83.527725,1.8851844,95.813095,5.5805964,75.916794,2.030984,66.88048,1.4427397,66.85699,-3.8349264,75.341484,5.884816,91.99089,-2.0717034,63.68841,-1.8226703,56.079376,country
,7236096,0.31569245,0.08747955,0.21780205,0.008028648,1774.269388606605,297014.63475616183,2244.1842509822886,182152.27018748492,3725.947999394192,1947930.3893766915,0.0734243861212324,0.0011138542555878,-3.0335197e-08,0.03341918,117.45383523,-84.85533,6038.1074,115.5737,631.02264,5.2530236,360.4222,21.325588,198.12566,6.0421634,248.8587,-2.4806807,138.15799,0.41715044,158.17276,-0.19464596,118.41637,-10.14194,156.2207,8.232874,139.41676,-3.7436023,109.08989,-0.7298251,114.46765,-2.2809865,120.91276,-4.4543543,119.8719,-2.7614925,70.393845,0.66771555,76.5584,-8.960181,99.114296,0.7648107,87.4821,-3.6013663,75.11707,-2.8215926,84.478355,country
,6858752,0.28224492,0.09109179,0.21728325,0.01202703,1815.3397010262352,502798.907723217,1978.1891130626364,478493.4052549009,3752.738876211792,2670220.4314197297,0.085612538021572,0.0016838012048924,0.0005368581,0.039858114,143.5546875,-96.265945,15660.429,103.710884,1226.7897,-8.846017,359.1247,23.325647,486.87787,0.53609496,136.3938,5.470853,163.69905,-2.5770712,101.99387,2.140396,102.31822,-6.4111347,93.299416,6.426858,114.37505,0.15349373,71.8542,0.5143555,66.93896,-0.0730878,77.637245,2.7753532,71.389244,-5.4111066,90.886856,-1.0416216,66.86424,-3.6107438,77.54991,-5.1225486,89.15041,-7.2881513,86.00041,-0.27860346,89.04741,blues
,4616704,0.39154893,0.090373784,0.23289023,0.016168592,2311.7177431422137,1225899.6014295756,2358.4236533323656,684252.021605235,4833.133172132298,5745330.678304757,0.1078053311779219,0.0056103494743185,1.0256963e-06,0.030420532,95.703125,-68.9708,14169.955,89.58819,1972.159,-6.1651125,953.5664,13.403575,325.26044,7.412636,314.7557,-2.3766313,184.11807,6.0705786,128.00252,5.0642734,100.66278,-7.291241,109.42519,5.904279,105.104416,-2.5109794,76.57949,0.95610094,62.273064,1.29943,71.779015,-0.62565225,66.48056,1.3029583,71.51781,9.200357,89.316574,-0.19981708,93.01638,6.3744307,70.09551,-2.8019412,58.527714,-1.2871728,60.65238,disco
,6109696,0.3470293,0.0912965,0.11821207,0.008574456,1696.8499635634937,853223.8266860595,1895.433095864836,535399.3197242493,3424.818606829751,3474356.3722004257,0.0723211468414823,0.0032854935801497,-5.4403213e-06,0.016216746,86.1328125,-186.76083,16529.53,110.20503,1864.2378,-4.101484,666.0665,19.457243,380.04614,5.598668,230.95557,1.9542356,184.89656,1.6170775,126.50884,3.525098,139.5662,-9.158476,138.28181,7.2004704,123.17012,-2.4204628,105.48334,2.5541754,86.88377,2.2582037,106.777336,-5.9178042,88.169685,0.8151703,78.59091,-0.08116606,69.90661,-7.3672256,76.07054,0.0588552,69.303116,-0.9512228,73.01614,-5.4306345,76.69818,classical
,4976640,0.2915026,0.089933135,0.32929832,0.010531105,2465.860788120381,704304.9896239096,2613.6460705627405,321351.09747750155,5469.2896108055365,3336481.779635704,0.0971930835144275,0.001984026370047,1.7895427e-05,0.062063273,135.99917763,-33.03693,7515.8184,75.905556,1171.596,-0.7765158,750.9247,-3.9957266,318.29382,-8.663343,301.1933,8.812122,175.94122,-4.811998,122.69929,-1.9831964,129.67532,1.243849,129.38249,-1.5780267,81.976685,-4.0504966,86.44407,-2.3605099,103.59253,-6.124291,133.2277,3.0245268,156.66579,1.2008369,213.04358,7.3514743,204.2684,2.9530294,182.29094,5.7853794,199.48508,-3.1959777,198.9205,-4.421761,137.18044,pop
,5884928,0.29430798,0.099473804,0.19865313,0.01577314,2314.9889131434466,1076864.771714404,2529.682412404202,557590.8752728364,5080.802830799396,6181313.698361717,0.1016799933394954,0.0042831279533018,-0.0005120355,0.030739428,129.19921875,-115.28231,8968.554,93.98456,1607.0946,-0.5353814,617.5768,-0.5084839,332.54858,9.87583,302.18222,1.3280137,395.829,2.037857,276.39487,-5.7291675,182.9983,-3.7601397,151.64618,0.9942671,165.48347,-0.6839619,158.44695,0.24900822,143.64568,-5.4232025,175.78285,-1.1330781,140.7683,-4.5298266,126.16141,-0.51742166,143.38235,-7.133113,154.15063,2.2488549,183.27129,-2.482699,170.13184,-0.9300906,175.21437,reggae
,4059648,0.3728972,0.09242064,0.25852776,0.021495737,1734.6307345407367,849516.8829502407,2122.0921932821093,541106.161655258,3609.729231729784,4748812.014968354,0.062669882467686,0.0030079501601416,0.00079176354,0.05592585,123.046875,-118.70458,10106.748,113.6787,1370.5873,8.660257,806.5965,5.883904,609.9711,-1.6518689,463.03082,1.1379071,299.12207,0.26107273,224.71658,-1.4652736,393.2197,-8.032046,192.70274,4.9755745,214.8359,-10.070451,162.31805,-3.1002219,140.74542,-5.351508,144.30428,-2.2248635,110.91663,-0.9304803,122.2452,-0.2760352,128.53052,-1.2573687,134.47307,3.6033413,97.10519,0.25034624,106.38297,4.4998007,89.95132,hiphop
,2734592,0.4543835,0.09108612,0.28345808,0.029588154,2622.4839814691336,1442431.4653640457,2656.435403041611,385903.8450509925,5610.840469868787,5588439.516755568,0.1090985936915013,0.0080858014297466,-0.002961157,0.040608633,89.10290948,-83.36426,12383.267,71.86666,2104.6436,2.0254042,1212.6796,10.321478,588.3037,2.115665,500.3901,0.34157157,477.30905,4.438147,287.99643,7.2462907,152.76732,4.1541905,171.21387,11.033375,131.93683,3.233308,117.09449,6.2504535,83.074936,3.9503672,82.11866,7.47868,84.107635,-0.44227126,69.784424,-0.009308627,79.6716,1.470296,72.075455,4.0544357,95.58046,-0.67920727,69.24044,3.013243,82.474785,reggae
,3492352,0.3298256,0.09195294,0.26266614,0.013632023,1941.3459904585309,991567.7125463068,2370.8313724609243,737563.5973817246,4457.232585494311,6161269.225526034,0.0643091171027557,0.0017783361739587,-1.9434356e-06,0.040037133,161.49902344,-103.66553,12566.337,105.841965,1896.01,29.719995,744.8333,4.0202193,428.2404,0.3278664,277.88104,13.875019,175.2681,-4.1810966,170.62521,-5.494442,213.19049,1.8361464,153.19472,-0.7533901,120.41351,-8.50985,148.76193,1.3889965,138.55708,-4.101379,115.63114,-2.3100166,121.514786,-4.0825,121.932465,-1.3196204,98.65494,-7.5985165,89.56364,-3.0390697,105.76756,-7.263432,83.17079,-4.1304774,80.75771,hiphop
,5573632,0.2780264,0.090161994,0.21788669,0.0108254105,1625.8198887685094,356520.2031346912,2114.9932855041893,368523.63616490224,3394.0655731175943,2926503.8772733496,0.0679395347518829,0.0009578890300928,1.7190709e-05,0.038086865,92.28515625,-106.13252,9777.447,121.671906,679.6786,11.933098,545.3488,7.824448,361.0984,-1.9167359,262.5567,2.6597078,178.30644,-3.1911361,177.01991,-7.2675524,129.0306,-6.019261,118.96146,5.3037634,126.285545,-6.344738,95.315384,-2.4625332,76.38314,-14.427105,94.54021,-5.795632,79.360916,-6.2703786,78.127045,-4.891284,108.50363,2.39369,110.22084,0.05899585,101.573715,-2.8146284,115.38505,4.268006,93.594955,country
,4531712,0.3182492,0.09370311,0.20049003,0.006423219,2555.3022270232223,769634.5592696541,2872.2759639934807,286268.4684094245,6091.731487675807,3894825.072637151,0.0971896468488759,0.0036341269618528,-5.093462e-07,0.02630627,161.49902344,-82.6078,7566.335,87.488625,890.1917,24.474174,502.6748,8.234593,255.52861,12.079702,203.14378,7.165277,174.35669,-2.8929086,164.03609,0.90676326,99.215576,-7.6350155,104.73248,4.6701717,99.92728,-2.8156846,87.87814,0.89631504,84.15264,-1.0218654,88.53383,-0.01754629,90.871284,-2.5993707,73.44284,2.9139552,79.158195,-5.5843143,85.587975,-1.3486611,73.25582,-2.3106325,62.970707,-3.973879,80.16032,rock
,3510784,0.424347,0.092559405,0.22778103,0.011308326,2487.671346651031,1117221.4594454835,2590.2731758639047,434109.9891308312,5438.042780358021,4453682.016728655,0.1036365917313721,0.0050512697262807,-1.4088784e-05,0.020053595,117.45383523,-72.98833,13719.312,79.22275,1292.7404,12.47227,749.09564,18.959452,408.94,0.4513723,277.8604,12.529118,242.97401,0.97180474,197.01619,7.3981686,146.29234,-2.1160412,130.04646,3.9953415,111.61107,-2.9807076,88.17032,1.7962917,71.838,-1.8836293,68.53032,1.1433538,60.998734,-4.514425,61.68098,-1.270595,63.064148,-5.253907,55.342865,-1.3786767,54.42148,-5.480455,53.35596,1.2338345,60.592648,disco
,4051456,0.3180788,0.09439343,0.2944592,0.016605785,2504.858302698348,669600.1523461468,2716.115411572512,313404.11135571456,5611.250986557643,4244747.808336085,0.0895535206595906,0.0022763948652309,0.00024461275,0.04556265,129.19921875,-51.526524,10638.734,82.66135,1374.613,-3.2510471,537.45184,3.964787,412.18127,7.207662,232.1312,-8.57291,296.9987,-3.9622607,184.1867,-2.9769957,180.36372,-5.6640306,127.96374,0.34056833,157.5108,-3.6458137,100.97677,-1.2809567,97.92262,-0.80324566,86.31498,2.1336868,74.12611,-3.129117,70.70655,0.45594594,69.03341,-3.6422858,66.07165,0.026932685,65.629845,-4.807983,86.77345,0.3222539,107.84951,pop
,7582720,0.34992287,0.090028964,0.21019214,0.005762469,2161.1457454709807,494115.2635991283,2512.44556758608,209490.819157026,4774.769349665156,2773793.7400308936,0.0876970399956113,0.0018288823430733,-9.705318e-07,0.025495248,107.66601562,-72.15271,5839.7515,96.67624,623.8709,2.2483501,337.9914,25.825098,170.38307,9.307514,118.15387,9.187101,143.47589,8.227999,131.38705,0.95091367,104.49572,3.2588315,87.76507,3.6884794,60.29948,-2.139659,54.60136,3.5154958,55.855453,-2.549892,58.36141,4.68998,77.523125,-6.020214,77.94325,0.06767207,72.13332,-3.9942567,99.33411,1.4530382,98.217285,-3.4382217,78.89692,1.1023251,85.52763,metal
,2964992,0.3989688,0.09498947,0.3145742,0.02125795,2673.3045454801427,1062583.36734584,2811.016618441062,276878.87363098544,5905.432626292192,3923078.521677349,0.0909197053856612,0.0047453207620078,-1.17661975e-05,0.08237576,123.046875,-68.56943,10287.308,69.84117,1215.3353,16.09698,610.55493,20.341597,386.92313,4.5812855,187.2335,14.41144,261.70145,5.662641,153.8537,6.1891127,180.6576,9.81664,148.09145,5.8103547,149.53503,2.1781013,109.971085,3.4127138,100.71937,3.8319683,91.498955,5.878688,89.074585,0.7768475,132.83868,7.7598047,112.04696,4.0752015,136.12541,5.256307,119.32403,4.586833,153.08102,6.76068,144.56105,pop
,5568512,0.33897334,0.09020897,0.30923408,0.008113904,2870.013470467345,777994.6952645736,2756.660755049231,195763.48766024815,6129.841907666406,3030684.93443466,0.1356270865415555,0.0047974484691832,-0.00023330747,0.04770364,83.35433468,-1.8382065,4535.7095,69.15982,856.53265,-7.9544544,379.77658,-0.4667825,443.05176,-0.08640455,244.35226,5.2603493,210.01439,-3.096706,186.43419,1.1656958,159.94513,0.84379625,141.38551,3.1952662,120.520744,-0.9203366,112.68721,3.3529456,105.7953,-5.592178,108.35561,1.855424,103.83987,-1.2357986,115.456375,5.1026297,126.88448,-1.9300387,139.77547,3.8650618,117.399216,-2.3447237,124.78143,0.21765502,114.323845,rock
,6582784,0.34577262,0.09565008,0.21166384,0.014072714,1862.5903326540845,904934.3418758262,2308.6775536811297,432441.6456425319,4039.129345315781,4832670.621910992,0.0677207511252722,0.0028939082848595,0.0004318883,0.033298533,117.45383523,-119.679405,9350.072,109.919266,1289.1294,12.424845,445.85068,20.181744,345.83212,12.99895,183.2634,7.061558,188.9222,1.9756855,123.203804,2.8858747,162.43315,-4.322976,104.338036,-0.2866723,109.70082,-1.8018826,109.80585,-1.0861877,81.06307,-4.1589184,70.19403,0.9113746,73.153915,-1.6936481,76.64892,1.4528879,76.16767,-7.0928993,78.52515,-1.1745876,79.20201,-7.5607343,70.958244,-2.5940711,67.488045,country
,4604928,0.3310732,0.09283129,0.33518985,0.021301504,2397.8619144816075,472912.6530083412,2506.874444529079,307576.2668379382,5141.092344053988,2917608.157193586,0.1032072396991384,0.0022336446432683,-0.00015113133,0.057518043,69.83741554,-29.830875,8155.6226,82.81484,840.70844,-3.706693,643.49023,22.967333,338.9399,2.8740454,223.76169,7.4007373,194.232,6.0674024,144.11057,3.7795603,129.81679,1.3395554,93.07267,6.1847167,129.88489,-1.4098301,95.56777,1.7794495,94.73254,-6.7534513,118.63177,3.4428916,102.045105,-3.4081738,90.56742,0.43485817,97.97357,-2.0236409,125.21915,-0.08440537,105.42692,-1.985467,123.505615,-2.6741261,132.51413,hiphop
,6146048,0.3445977,0.09070745,0.23808537,0.017204149,1678.7031639500171,670031.501333515,2221.517533819575,534598.549152244,3634.791234853317,4702723.944745288,0.0555539602639525,0.0013195026045042,3.8706356e-05,0.049883515,151.99908088,-122.20454,12512.927,117.56774,1484.3325,18.332443,459.13556,14.361738,387.12286,7.981915,203.8872,-2.1182563,272.60754,0.38767725,144.11615,0.39583963,189.12634,-0.06221163,108.79066,4.3311296,120.46366,-2.6350596,98.15649,0.14870387,86.225204,-4.4493217,78.05019,-1.9763929,94.34577,-0.044028245,85.04664,4.63438,99.04317,3.090785,102.87805,3.6311738,103.134796,2.0621872,90.90908,1.5488619,104.58498,country
,3657728,0.29501215,0.094346926,0.28187326,0.012549519,2041.706531271692,578779.6397513838,2445.8702359123245,210931.4422272315,4571.162990946466,3265529.1463178457,0.078315870473233,0.0023675587966002,-4.1153085e-05,0.06283718,151.99908088,-70.04409,7230.3945,98.547585,757.4421,14.398968,406.54633,23.77394,171.20909,13.41739,194.54083,8.756932,134.61752,-8.844905,201.70847,7.7941437,106.51309,-2.179952,119.85462,3.7936418,131.99745,-0.392189,101.94216,2.2355332,94.75903,-0.95693415,102.35458,2.6320899,104.360954,-1.7639059,86.06328,0.32584497,82.892235,-3.1564033,118.92495,2.044022,79.05555,-3.647967,95.01932,-0.37548226,109.78462,jazz
,7923712,0.39159498,0.08132594,0.23093176,0.008588345,2350.976007723046,460129.5479995243,2372.646875548321,296623.70733774296,4938.926119137975,1916142.3284913492,0.1086273873631033,0.0023234080206958,-2.2689494e-06,0.030699948,117.45383523,-35.373596,14282.443,79.063126,759.97906,-13.149829,256.6143,28.340311,180.28252,1.3626918,85.92938,10.784042,93.47359,2.2987375,73.493576,5.8225594,50.198223,2.913479,61.670177,4.790631,43.516727,1.1669257,42.073277,2.3551896,43.232353,-1.1340241,39.346775,-0.1061456,38.60841,-4.3107505,43.53909,0.42621043,43.518475,-3.4069617,51.100407,2.0779057,50.721916,-2.4685793,54.920097,2.9806013,75.49551,metal
,6373888,0.34894708,0.09054699,0.13787688,0.00481642,2001.5684300349587,804469.3737783865,2507.7260173746413,511578.3553125585,4578.361975244729,5516952.643732353,0.0696923239834337,0.0021591877953559,-8.291786e-06,0.015464439,95.703125,-148.04031,15405.057,103.769455,1030.0535,18.514406,624.2175,6.6772237,304.28796,6.603504,354.2121,0.6346197,128.06516,-1.2293282,142.60977,6.075639,92.83261,-1.0451066,99.54124,1.1209953,93.644615,3.4725,80.80898,2.155227,69.35356,-1.1759123,60.02469,1.471588,54.738144,-1.5008175,55.782074,2.8034897,60.26701,-0.7816914,64.97738,1.3428776,69.16201,-1.0383332,65.68719,0.32010415,60.384483,jazz
,5505536,0.33784184,0.09494318,0.2031684,0.009136604,2168.978166537073,582081.0789280824,2499.8035490442694,209661.314561788,4836.367633827384,3090772.733597127,0.0889333420268039,0.0027965455465635,1.283497e-05,0.0237804,135.99917763,-98.5688,9611.008,92.356834,881.3435,13.698046,516.1183,22.157259,357.36298,4.5537505,305.26508,10.564674,247.95763,0.22826463,241.8759,3.9877644,143.58131,-1.4290153,105.00902,5.3961744,130.26578,-4.0266323,144.003,-0.34380758,130.44382,-2.5172272,121.4722,3.9249701,101.723175,1.9997447,88.57478,4.6335106,111.98279,-0.19673616,101.576294,2.3962686,95.74894,-2.1199477,78.465706,-3.580234,85.43995,blues
,3959296,0.39247695,0.09630462,0.29162604,0.01681799,2239.7638106478303,1297834.0907985568,2501.6160129324176,572539.7856613309,4914.3591810512025,6360526.073929317,0.0799051999490884,0.0047793675980078,0.00025240806,0.05897983,129.19921875,-79.85193,12113.855,91.08227,2361.324,14.411691,584.8948,10.314815,418.07358,8.714732,291.84915,12.669357,231.98038,-5.9600983,249.05864,5.1136622,190.91571,-0.41681024,129.01366,-3.5247655,137.86389,0.71290135,108.427475,2.4767318,107.257706,-3.5891893,113.92702,-2.611211,105.193016,-0.19035165,104.98466,1.656602,95.24032,-5.4808044,83.517815,6.820132,80.45172,-5.4148054,81.18981,4.959536,69.20669,reggae
,7421952,0.31547394,0.094480045,0.13787727,0.005231362,1840.8149183000585,489186.28824478097,2190.502753335405,272686.3021654359,4049.62876714525,2595732.0728578223,0.0658175304049975,0.0014550546684629,5.759626e-08,0.015101034,123.046875,-158.69629,8455.277,96.594765,1122.1979,4.6821623,427.31088,27.660767,467.3924,1.9145861,272.50775,12.875715,204.18752,-5.8964567,205.34814,8.083735,144.80946,-1.6794074,126.453545,-4.730903,215.30838,2.1641543,154.79976,-3.0519536,130.95778,-7.1869564,125.802704,0.7254224,99.00748,-3.752526,74.428696,-4.2470756,93.31444,-7.018812,64.39725,-1.1966054,62.715908,-7.310651,97.247284,-0.042822707,105.84566,rock
,3916288,0.35514316,0.08590442,0.3218832,0.009492511,1876.263171025587,485326.1127232585,2577.136713775677,420637.0349616432,4507.232967601103,5039747.631860126,0.0574183644812091,0.0008155933269355,-0.00025810255,0.07455115,117.45383523,-58.237206,6710.492,108.76881,755.16785,24.57878,593.8343,14.526836,153.23299,17.66221,156.6396,2.800268,136.10143,1.3169289,117.934,2.096209,60.642952,0.87928724,64.73037,1.4437177,56.535645,-3.6910377,62.377655,2.2328699,48.34106,-1.8500228,59.25616,0.67864317,40.473114,-3.6165636,43.378563,1.0624573,42.562405,-3.7914593,49.44279,4.3742013,46.662704,0.50866586,50.45447,3.3848975,53.487457,jazz
,4054528,0.33204147,0.09256689,0.37784493,0.021466102,2707.0800135516024,940361.812384508,2736.41359435397,172835.14604814048,5824.088439941406,2716680.9968831604,0.1153348055752841,0.0079190249980193,0.0012260118,0.07489922,123.046875,-18.210665,8658.319,69.72988,1145.4395,8.1604595,421.6816,14.310869,328.35193,-4.4199862,258.54816,1.243982,220.17523,1.6159564,211.11029,-1.4202011,127.52598,-1.1690669,113.871254,6.394656,101.76172,-2.8269925,116.32998,3.0380664,94.05157,-3.8668215,91.384705,-3.1115851,95.74194,-3.5516508,89.582085,-1.6421838,94.96281,0.6133816,119.21007,3.4186351,128.31792,2.0147908,131.94722,5.7875886,134.66695,pop
,3543040,0.41791886,0.09092027,0.28548852,0.023279667,2352.878592494312,622571.1566742245,2588.5600587426657,223902.7298004115,5234.715145989109,3073360.4550876943,0.087614912946106,0.0030695235384875,-1.9823761e-05,0.06485551,89.10290948,-47.105556,4919.5913,85.95901,906.01965,2.0955374,489.90463,17.888773,375.3007,7.207584,304.01315,0.3385754,179.2636,-8.205646,176.29198,5.580649,168.11684,-5.604395,142.39693,-0.97752756,134.39073,-1.3514686,133.57068,0.77191377,113.61232,-0.9857245,86.1298,3.3163211,74.26533,-3.1889014,91.07239,5.619571,84.42039,-4.9588256,99.01363,3.1476104,85.43789,-0.6219824,70.34035,-5.084274,74.08307,hiphop
,5092352,0.31724325,0.09291814,0.22881919,0.014796298,2648.693473546551,972254.5176122476,2587.766826789922,513274.2220302767,5826.908145397168,4594013.359619935,0.1270657335440334,0.0049650093353691,0.0005334462,0.027557002,117.45383523,-67.798134,17563.05,66.67597,1185.6045,-9.328747,445.56284,1.178976,306.22595,6.239077,223.42287,-0.328814,253.44527,-3.44504,208.53899,3.055891,172.12479,-0.7245761,158.42465,8.160161,129.93329,-3.7599587,134.8574,-0.04172004,101.79019,-7.5602207,107.49573,2.7967548,96.83708,-4.6833105,88.9226,2.80575,121.67073,0.492223,123.04142,5.3874927,126.19252,-0.63244563,105.51517,5.157057,171.1548,disco
,3962368,0.32424363,0.096453756,0.26336706,0.008883144,2977.185762532235,793174.0179356326,2905.5834859141696,271308.355253508,6661.368720476017,2890733.344477421,0.1227168751009366,0.0041440837969164,-0.00023201975,0.041689612,99.38401442,-33.789013,8202.487,61.35333,569.47363,8.586788,462.08002,6.1359854,181.45445,0.9611833,237.6748,8.483721,124.100006,0.6318911,121.163864,6.7827883,98.03731,-2.6873753,112.638466,7.749293,133.2296,8.487147,99.88524,11.387189,122.85386,2.6333172,114.22081,2.7404025,96.96449,-4.183922,86.57941,0.1858048,68.04501,-5.403914,73.17928,0.9231127,73.80171,-1.4280587,98.9443,3.1770585,112.84194,disco
,6633984,0.3119481,0.0908133,0.19910564,0.0093662655,1898.1364096650989,768417.7279254325,2243.757691095577,478919.1346208413,4149.541135076425,4339617.443643367,0.0783754334918583,0.0033235606476696,-3.1347707e-05,0.030150872,117.45383523,-110.904594,11752.859,111.8014,1421.4636,12.101727,611.97406,16.474981,284.32428,4.7137146,176.40033,2.0916216,163.45964,-4.8780484,148.69841,2.7364178,153.28694,-9.681601,132.36067,1.5195314,155.38403,-9.10139,141.35208,-4.9472394,111.009026,-5.08728,85.957634,-5.0496755,95.12637,-5.3347583,77.82703,-3.130613,81.987015,-7.2903323,74.61434,-1.6941166,80.53194,-4.5317473,67.55381,-4.7338333,89.84141,country
,5395456,0.3189289,0.08790372,0.21062656,0.006808605,1745.9716850226018,304420.4875743407,2263.364838430532,171701.30327469454,3899.284278094311,2190115.191338457,0.0624468121382484,0.0007586512430738,-8.553929e-07,0.026609698,129.19921875,-90.43259,6105.3013,114.2087,558.7204,10.261657,256.7737,25.478882,178.45923,4.6042395,113.89038,12.059279,108.63266,-2.4924743,87.96335,1.3976396,76.51324,-8.421837,73.877594,0.37320656,73.812836,-2.5685005,104.98865,-2.0304246,62.35478,-1.1128728,60.372444,0.23131277,61.074936,-4.8648458,58.88795,-0.51157343,52.282356,-4.6565804,59.634956,0.20879185,51.876133,-4.6197796,52.69531,0.100182116,60.937744,jazz
,4880896,0.2933835,0.08967842,0.1720194,0.0047556413,1260.2665224721263,309906.08529456984,1791.2059206567667,305459.69338668755,2381.931604057682,2211196.4632577104,0.0516242444802811,0.0006438135022616,5.601164e-07,0.02588817,99.38401442,-162.70602,4734.103,144.45609,855.091,7.4944296,471.13547,20.290712,293.25064,7.94492,184.7654,-0.9801869,159.84561,-5.0681148,137.98239,-7.481739,137.97919,-7.0181956,175.56357,-0.14019388,109.86517,-1.8488096,157.88066,-0.28108162,147.72537,-7.84405,116.36726,-4.1427174,107.38825,-3.5303118,88.77012,-3.9327374,125.233215,-6.412494,90.5788,-3.3993325,87.03846,-4.6890354,120.73377,-4.0278773,93.16573,classical
,5761536,0.28002346,0.10047525,0.24956922,0.008521441,2337.9832395310345,332717.46420476865,2314.825310278902,120737.29630661145,4817.686829838974,1385270.7296154485,0.103693382977719,0.0021259720611885,-2.6096475e-06,0.038897436,135.99917763,-67.65168,2850.3718,79.53514,613.8499,-7.7755075,371.32925,36.311646,367.32877,-10.271677,243.36266,1.0754154,186.49577,-10.9919405,161.34048,-2.3909807,233.13577,-6.8123846,176.41118,0.77107817,159.05966,-6.697143,139.51137,0.85652894,158.2587,-6.2383432,120.63675,3.5845032,103.86062,-2.3303611,103.14206,0.19302006,97.48874,-4.3117776,101.22674,1.2967579,98.726364,-9.655711,116.474945,-8.294994,95.0943,blues
,5452288,0.37820324,0.09646954,0.23137374,0.021466276,1934.919362994992,912152.0852385128,2312.9410889429323,520029.8875953528,4268.559205820863,5073493.308301947,0.0699494296508216,0.002744194547546,-1.7441227e-05,0.045482922,103.359375,-116.62432,11415.201,100.07304,1495.0295,7.765219,957.0678,10.3145275,437.40573,5.4780703,435.71173,3.5820878,276.1766,-2.8896015,250.91441,2.4557269,222.06085,-4.8106146,160.17532,4.8515654,175.44298,-3.7549684,130.53862,-0.05425935,98.94933,-3.493454,122.49302,1.205886,97.100975,-3.192918,92.42674,-1.01045,99.20782,-2.6868448,88.51997,-0.08093782,104.979515,-4.515926,100.4613,0.3139025,110.897064,hiphop
,4495360,0.3404221,0.08948786,0.22070107,0.017787764,2475.526174098892,1474425.0034884936,2641.8956160442085,807428.3481211554,5595.924302893855,6631588.9981967695,0.0897923695336522,0.0051158159762867,-4.545839e-06,0.038855355,112.34714674,-103.72184,18976.973,81.02844,1615.133,30.443588,436.39642,15.531513,311.96646,4.3655066,260.41443,10.01396,113.57718,-10.228525,232.69942,1.4850401,122.03966,1.6817149,149.03876,-3.5939274,164.91682,-2.8137472,91.777054,3.5838845,89.79997,-1.6769263,89.994,-2.4483314,101.849075,-3.4080555,87.70682,-5.474874,70.97114,-7.626975,84.46475,-1.5286748,79.33167,-4.2980256,70.28971,-3.624972,70.12094,blues
,3696640,0.34400627,0.10322906,0.24416207,0.01848384,2365.765909467959,1009721.2997381118,2547.4076139767085,352238.3556283393,5316.725580257452,4163364.054572965,0.0949328023300097,0.0055842904678566,2.5678033e-05,0.038041443,117.45383523,-101.51829,14173.838,74.8767,1192.9934,10.552202,606.9141,11.734079,497.2152,-4.984065,632.56055,5.4845533,297.16995,-2.4307098,273.219,11.926233,235.669,-3.6556864,238.96074,11.705811,201.8839,4.3912435,173.45045,6.6742287,150.38945,1.195791,148.25237,0.727626,165.91852,-6.9269066,135.04132,-2.099846,105.94123,-3.3183007,115.17973,2.161745,127.50585,0.55667675,143.23897,7.2706285,139.985,hiphop
,5489664,0.40784904,0.093327925,0.22903988,0.017500745,2097.051162406624,961048.3155311408,2357.618030257649,390691.8422097548,4447.187799626096,4427552.047064147,0.0830165553891168,0.0045378698107391,-2.141491e-07,0.027907755,135.99917763,-113.55922,15677.912,86.31866,1430.2981,-0.83241737,1085.4951,21.338419,583.0936,7.718063,369.46683,2.1618903,303.91382,6.902248,216.44017,0.02222924,159.78552,-0.08223261,135.7446,8.953878,164.35678,-6.481612,143.3067,1.8895603,105.24071,-4.5207577,99.12644,2.8439536,105.969246,-4.3053036,93.76044,-0.9368492,106.11524,-1.4638021,105.70529,4.10917,110.78505,0.3290455,111.11509,3.8230278,131.40054,disco
,3308544,0.3547719,0.09839921,0.26577842,0.019696606,2080.167411260444,1119246.410625587,2397.786282578048,486298.1269805422,4428.011859726762,5716170.1854370665,0.0777583546485765,0.0041707116839423,1.8503398e-06,0.032365926,129.19921875,-118.51963,16704.64,85.46098,1543.6665,15.154519,1190.9661,10.995183,591.30023,1.5246243,339.59302,9.969935,236.98619,-4.0935826,306.29248,-6.203324,287.8831,5.338612,256.84427,-6.3759446,249.69373,-8.5086155,183.33067,2.2829359,237.4499,-11.498479,237.52536,-1.030859,128.15607,-0.36434922,136.33327,2.31435,139.26622,-1.2534006,102.48973,-0.6436354,110.70008,-1.1237266,111.866135,-1.3468049,91.904015,hiphop
,2785792,0.42972368,0.09053264,0.24321274,0.013434351,1940.9444012350143,1003532.1843349918,2453.597584997484,631349.0149711717,4596.159724495245,5499987.58694541,0.0552159778688901,0.0047917053708887,-5.179635e-07,0.051204372,117.45383523,-124.721664,10282.834,104.37229,1779.3219,26.553097,544.27356,5.274585,611.78937,7.67524,405.31137,13.377472,256.81705,-1.431043,267.10898,7.239019,139.65771,2.5433652,116.610794,0.8987001,162.90488,4.5280614,114.43414,6.19246,93.31432,2.9748955,114.99697,7.191918,102.11916,5.6312833,84.66161,6.5330486,77.44227,-1.8649632,74.045,0.34252736,51.49048,-3.6699517,58.486794,0.5437295,54.510956,hiphop
,4395520,0.37834924,0.09910428,0.27510285,0.011069308,2437.2614733896366,333208.6145805654,2662.633638020789,133922.10164148972,5488.5466313712,1849816.533474479,0.0944649629484043,0.0018425430842483,-0.0006735251,0.048960872,151.99908088,-38.99581,5297.9717,81.63136,463.51227,3.0291727,447.09482,17.486095,192.6864,2.7705538,204.46852,10.102601,180.31741,2.9585853,252.98705,4.2152157,165.36395,-1.7611929,145.92162,7.935396,120.60694,1.598185,96.16924,4.9609995,98.46171,1.7290698,76.497086,1.8600335,127.82067,2.7815917,95.59665,4.0480795,99.17055,-3.597079,127.8779,5.382273,101.866684,0.79854,116.08083,7.004112,141.34798,hiphop
,6169088,0.2811197,0.09285513,0.13033444,0.0050795516,1860.935060013648,525619.185884333,2345.947097764579,265215.45446173,4003.789972202412,3167988.120007746,0.0663098499092323,0.0015852357405399,-1.032961e-06,0.014503488,123.046875,-175.69162,10976.158,98.52813,940.7663,8.265878,487.07428,19.047512,433.07648,2.8245773,184.167,-0.50759524,229.39096,2.5107162,160.04149,1.192974,167.27992,-6.2088757,117.13605,-1.5119765,131.43639,-12.33457,108.81894,-6.0094037,111.43751,-6.6339107,80.226234,-5.441718,86.371056,-12.774865,104.034676,-5.0999,100.18202,-9.809893,91.62156,0.7071261,107.19442,-2.9795349,118.92473,0.94601536,98.39792,country
,2784256,0.38025734,0.10034926,0.16957891,0.016254341,2495.4330205531337,735743.6229742392,2417.55950583886,181382.93607346056,5045.329655827703,2738672.3060499937,0.1105075898602684,0.0052109848526944,5.269515e-05,0.028059006,161.49902344,-110.8621,8005.745,73.68373,935.21545,-18.216434,934.44055,6.110438,482.52014,-14.287768,420.70914,-5.379775,341.28372,-7.2897964,261.80594,-0.12981826,225.59845,-16.910387,235.09422,0.11774203,170.86534,-7.5563927,132.89117,2.0387347,129.26558,-2.2591157,140.19434,-0.35832006,108.40134,-5.360236,99.57782,-2.7718527,91.33194,-4.0968556,101.007515,0.6673885,107.4837,-3.218943,129.98625,1.9541814,133.2368,hiphop
,3719680,0.4321654,0.09564286,0.3958914,0.032715328,2224.7502137532947,1189264.0939658894,2377.9373281755124,422658.3126635247,4648.580244648663,4929329.000340861,0.0878165024815923,0.006428389176546,-7.564393e-05,0.105679564,135.99917763,-43.177418,8859.822,90.90185,1769.9603,-0.4335552,695.67773,19.78118,330.72467,3.3619723,430.37238,1.5256279,274.49112,-5.6282935,301.93338,-0.12614214,182.9996,-2.1019943,143.06921,1.7705933,121.43491,-0.75797504,149.16037,5.5073934,137.57657,-3.2505867,114.41835,-0.64667374,111.71764,-3.5434644,90.20968,2.2473142,78.941216,-6.80991,82.44945,4.1103253,73.04979,-0.28460038,98.61921,-3.7558367,95.94512,hiphop
,6632960,0.3480951,0.09010863,0.11274906,0.0023742393,2875.7841323737557,417588.7143866406,2593.5821438245684,109179.75379842814,5804.310137285573,1534244.2329785416,0.1504730855877585,0.00333551284545,8.857434e-06,0.00602993,123.046875,-103.986206,5048.9766,60.990154,850.3478,-7.472723,464.88364,28.74504,312.6639,-4.5120845,224.2695,4.8972554,253.12608,-1.9821514,145.73344,5.7101674,161.03455,-2.2399752,134.2626,2.7474523,117.23377,-4.2220893,96.29557,7.4223356,109.09247,2.1542082,123.32922,8.695131,151.24261,3.0976422,157.72404,2.3835516,139.02332,-3.0719707,118.05302,2.4101605,104.13744,-1.7364568,100.32783,0.8050261,96.1517,metal
,3785216,0.3651023,0.08814961,0.10720103,0.0036118936,2431.240900218025,987075.5344871106,2621.206434057086,455394.8423170026,5498.285290174043,4855673.651351146,0.0927491357012442,0.0035642367001514,5.8314486e-06,0.008699614,99.38401442,-142.27759,9024.563,86.82066,1396.1602,8.980768,464.2128,15.709003,198.41711,3.917451,184.50314,0.19679606,141.26898,-4.932944,107.4083,-1.8279757,122.26028,-8.558159,121.525505,-1.4861473,119.26552,-3.013386,98.25063,-5.1872687,123.427185,-7.594401,93.81984,-3.3747094,96.169464,-8.329547,112.264,-4.9944787,101.034134,-11.113255,75.0365,-5.2949657,82.12939,-7.4432716,85.815575,-8.193399,65.69547,rock
,7078400,0.36947897,0.08598479,0.24491915,0.0124806855,2318.618900229817,412300.9147916403,2547.0554966321088,171043.01387527116,5130.256831840825,2116325.140335725,0.1032939807699262,0.0020644994327606,4.418804e-06,0.031528153,129.19921875,-42.003437,7250.7646,87.8767,647.25256,1.334906,366.90683,20.359438,420.25598,5.393604,173.23514,6.2962356,127.84494,-1.2492038,120.97025,0.84520537,96.19313,-3.9308355,84.66942,6.6635647,97.226944,-1.395094,60.371723,0.082441375,93.568115,-1.6365846,62.017704,-0.6210747,55.95524,-2.3819716,48.86495,-0.0643885,53.439705,-5.809888,49.243618,-1.0536653,40.33126,-7.9754934,52.849106,1.0627508,50.508526,rock
,4219392,0.30111438,0.10108473,0.25949576,0.010031261,2576.386742444336,527532.537269071,2645.664202442208,173869.47210149988,5585.338502368774,2369068.9690082725,0.1011197174153724,0.0021604180780549,-3.122127e-05,0.046153925,99.38401442,-52.887688,4731.8022,74.71769,825.9036,1.9970168,408.87155,17.97501,396.39297,-1.7539304,276.27652,4.2570105,207.218,-0.9311112,283.84448,-3.3419425,173.88646,0.75492,119.49643,7.503507,106.13055,-1.6054085,100.579185,4.6252236,88.610405,0.98581237,109.13597,2.8788364,94.491905,-4.3170743,112.906654,0.32406804,111.98821,-4.103419,147.93094,2.0332508,127.23195,-2.7690299,164.41899,3.153062,172.67241,hiphop
,2701824,0.3975054,0.090987034,0.25136533,0.008378858,2647.009045964696,487001.1792137942,2626.3754388861053,155296.52320106808,5669.957978023458,2206484.389082317,0.1183379860979537,0.0030674865884736,-0.0048861266,0.033296052,123.046875,-35.05615,6417.656,69.05911,736.2571,-5.3947706,463.51633,14.097445,344.8592,-2.497173,251.54277,7.859779,192.14066,0.7806583,136.66988,0.8383184,139.38057,-3.7537332,161.75883,7.466641,114.29197,-4.413515,135.69373,2.9206822,86.92134,-5.759445,108.93947,-0.94898987,88.307846,-3.924753,91.699295,0.0012941812,142.98363,1.1674526,111.30073,1.6736771,154.47958,1.940627,140.4214,6.817916,120.93729,hiphop
,4127232,0.3418384,0.10042851,0.26215664,0.018090285,2246.497705616058,871721.9676363296,2463.083246721661,279951.58342951693,4896.982122680089,3584773.8317149705,0.0865792549150334,0.0051008427574319,0.0009828499,0.055671327,129.19921875,-80.55807,11323.912,79.94621,1060.0437,-1.5235357,651.74475,15.814496,477.09973,3.924563,281.6863,8.142794,278.84433,1.4757642,218.27258,5.8915195,156.24696,-0.37290612,114.07132,8.242573,127.98343,-3.5228014,94.81306,3.1895428,87.20278,-2.6633072,71.230804,3.1653302,82.10202,1.307911,89.37368,3.7624357,95.604614,2.421766,97.21882,5.1330924,110.23648,0.50403154,105.0739,3.5750613,105.8953,hiphop
,3849216,0.3571324,0.08563371,0.25517446,0.010067279,1998.1064927112488,417517.9486119165,2463.629743034354,237976.04985975107,4415.175815668016,3377190.7477424205,0.0754768908348849,0.001098992756645,1.1161014e-05,0.053919952,112.34714674,-59.288197,6775.64,106.373314,630.3218,7.240286,320.5008,3.4990258,181.176,-1.9722341,171.7068,2.5207193,124.17664,4.421125,104.28893,5.282806,61.624584,2.4883912,72.58415,4.813161,56.456844,-0.92357004,58.348846,5.514192,63.17311,-1.5071969,62.43747,1.6351283,54.003838,-0.7843454,50.54586,3.4952278,60.436527,-1.8906622,60.482494,3.957088,63.16415,-3.6034472,63.31677,2.4240434,63.974358,classical
,7269888,0.35898888,0.09100908,0.21656954,0.008884256,2778.8044796291247,536834.533085612,2659.9719280907384,262927.18259436864,5956.835371850242,2208873.809713603,0.1400657116527288,0.0033833331911071,-0.00014583449,0.024489453,89.10290948,-30.674019,11167.378,69.85008,864.20715,-6.771079,333.9521,10.595329,168.05704,2.253024,123.96961,4.258487,148.42503,-2.7190254,79.64579,4.7380867,95.03707,-2.2229068,74.65535,4.716489,73.08451,-0.7268657,118.39393,3.3108275,74.038734,-0.60759723,100.87176,3.8300495,94.46016,-1.9401724,77.98661,4.1836123,78.33203,-0.1055857,75.2868,2.8601387,73.333954,0.3472806,64.89189,3.815016,78.977585,disco
,4257792,0.39720947,0.08868894,0.31560105,0.013174103,1765.862700046207,876718.5948464934,2283.819662925247,790848.4135202325,3907.700301575463,5329241.659939623,0.0583989541376097,0.0020009293530037,-2.0426048e-06,0.07778652,123.046875,-84.92183,20311.104,104.47157,1911.3649,17.845549,866.91785,16.513338,343.3905,16.14645,199.97462,5.466321,215.89479,7.1191087,126.70775,1.3149197,147.11029,4.405527,102.61665,5.6116724,79.567314,-3.9640095,72.953766,5.289502,75.75247,-1.1104772,58.383404,4.205274,60.06421,-1.3544282,59.15784,2.0360012,54.973366,-0.5368175,41.609104,2.8877904,49.357136,1.1691476,43.49451,2.7533755,61.965313,pop
,3190784,0.44802082,0.09835838,0.22321312,0.022375077,3000.298678443273,2014289.914999343,2824.520087535236,450404.60898311343,6392.917121288655,5812387.211468615,0.1337434697376865,0.015535420010349,5.1743267e-05,0.035470124,86.1328125,-99.82462,10778.217,57.957123,1730.7227,-2.7546985,993.98206,-4.8155165,1002.24225,3.0986452,551.6633,-5.174755,478.32883,4.1889496,330.79526,4.5323977,250.3512,1.6962076,174.9401,8.678265,155.52873,1.012302,112.38053,3.7484086,135.49553,-4.317455,100.004074,6.9325852,72.855446,-0.26399517,110.024376,2.0267174,82.28559,1.5592327,77.69905,-0.96190536,79.99085,-4.290594,78.31303,2.86071,82.903015,hiphop
,7478784,0.28589737,0.093805596,0.2833267,0.015993884,2293.3253993482776,683305.1507120994,2644.2903044984328,344848.3632028314,5282.212799506799,4601368.2005979065,0.0867794575853128,0.002229470916695,-0.000106302505,0.05624262,103.359375,-73.47131,9995.845,91.07743,1115.4845,22.55486,673.0824,11.225927,404.7083,-1.6088295,386.40485,2.539262,261.258,-1.683722,209.11887,-6.2872677,149.52065,-7.0025306,147.90141,-1.6464039,150.90417,-3.0794144,154.20448,3.5897477,119.97914,-0.4447184,104.66898,-0.26080602,147.19667,0.094191656,124.0267,0.2562527,104.62175,-10.088508,145.98933,3.8109393,95.132256,-4.3639045,120.22642,-1.6407715,118.48391,reggae
,3947520,0.40538025,0.0892966,0.285617,0.01562767,1965.070034817733,681260.147420039,2343.3050736700247,517833.5280165287,4424.768856356787,4403123.847086911,0.0695843524064648,0.0021395119060887,-2.0918349e-05,0.053416543,99.38401442,-73.286476,13155.259,101.55915,1474.7897,6.9767017,756.40546,16.400795,380.45953,5.604837,349.48923,2.9331164,239.51912,-3.0458963,224.72577,-2.6180005,226.47783,-3.5975432,184.67168,3.2742734,196.74184,-6.993734,156.07388,3.1771555,181.04453,-4.364214,145.76326,-1.1263206,122.4527,2.1035516,110.22611,-2.4450665,93.94699,-3.4110208,81.89611,1.4263078,74.007996,-0.45309675,71.248604,2.94065,88.030365,hiphop
,4124672,0.38387322,0.09591586,0.25147974,0.014113651,2316.017963063168,964419.7500771678,2461.4923633976264,539415.0463191913,4983.644317441355,4445306.86259485,0.0935829771472012,0.0040618991080923,-1.2532814e-05,0.04104797,117.45383523,-68.988014,14992.962,84.79608,1706.603,2.3928244,660.28424,15.909097,347.02313,3.6890047,201.98567,10.702603,193.40933,1.2680495,145.14487,1.090661,163.7685,7.9860587,120.18441,4.323194,120.24043,-1.2965766,100.60472,6.708229,90.31507,0.58479744,90.65451,5.834746,88.65122,-1.9032646,75.28767,3.0226803,75.06524,-0.8860348,79.03123,1.9048588,79.38549,0.5257326,102.170425,3.3971274,79.80428,pop
,3248640,0.36204427,0.09500878,0.18394579,0.006187075,2766.303929997134,608468.2414465738,2770.370655123154,183130.49524394807,6181.932878178675,2525041.9741651583,0.1232086864511109,0.0040521778779018,1.840146e-05,0.01325335,117.45383523,-72.531654,7272.0166,68.520004,718.59326,2.1258786,419.33533,10.144719,280.62756,5.337265,254.64069,2.1101909,242.50217,-3.674706,198.1157,4.3273005,168.2082,-8.940904,197.65431,4.4237223,159.31613,-3.909273,123.758316,1.0044924,94.63481,-2.07319,100.69802,-0.7814439,113.166565,-6.10039,114.5587,-2.223442,87.279625,-6.1648116,97.28741,1.0326922,99.544014,-0.8080449,138.1779,0.30602118,130.91185,disco
,6653440,0.3395813,0.09929748,0.29246917,0.02068917,2523.431609569432,1048232.8798976516,2607.870236627628,377368.6307253858,5516.958744968404,4444584.920065607,0.0976226609389427,0.0044405111150652,-7.5992425e-06,0.048460364,92.28515625,-67.63647,10653.255,72.68832,1570.7313,7.42748,823.4244,10.080042,625.6936,-1.7560333,416.80002,-1.5274532,329.09384,-9.279466,294.84265,0.9026481,259.24344,-7.7965803,204.13127,5.704661,170.8775,-1.344315,183.52908,2.885573,147.07747,-2.985484,132.70865,2.8653483,112.9599,-4.790071,110.77737,-1.8519454,123.412315,-6.426141,111.51644,-0.31012923,113.46356,-3.050692,120.25455,1.3905643,127.25683,hiphop
,4306432,0.40266776,0.098643675,0.19998714,0.021759981,2436.903770461361,1017695.2601537288,2460.525349271318,313493.0698110405,5189.274129173725,3724721.5437186654,0.1102903822292558,0.0072216870253265,8.437889e-05,0.025535561,99.38401442,-103.90526,11812.544,80.40587,1510.5548,-4.5006485,783.2483,16.045254,425.85944,-1.6930877,369.04544,7.811873,249.93224,-1.1401042,234.18867,4.9523053,177.24078,-1.3618441,147.80751,3.422857,163.49794,-4.027438,141.55894,-0.6185383,108.99738,-5.298013,120.41169,2.0937955,118.61341,0.0039188676,97.36655,4.641725,130.61722,2.900567,156.54655,3.964202,109.49066,-2.5278006,104.10275,-2.1253445,84.25147,hiphop
,3824640,0.4226375,0.090731576,0.27129197,0.013863712,2611.630541696988,721922.6166280265,2634.22859144136,309518.5891598236,5635.260298152858,2739500.928696587,0.1092971599559965,0.0044377602030693,1.2713157e-05,0.038953204,151.99908088,-38.079384,12361.401,70.78513,752.2693,-0.9037481,439.29514,21.770775,270.45505,2.6456232,193.72961,10.836506,237.52551,7.4980702,138.07372,8.154287,138.3536,6.8376265,104.1329,9.833071,80.119934,0.27126962,87.73595,5.136885,56.434258,-1.0712117,58.061066,3.5410604,55.069576,-1.168194,53.45962,3.2404313,62.788574,-0.6243412,58.99068,1.4419209,82.111885,-2.1128693,66.91485,2.5690916,60.75766,disco
,6199808,0.31425616,0.08997793,0.23348927,0.007909484,1879.384251776269,467279.0494143582,2277.3680513109834,221536.36788145112,3981.41991058526,2840326.033683584,0.0778937619348678,0.0019094750872173,-6.7579254e-05,0.036713846,172.265625,-73.80095,7198.8623,111.03814,758.6804,5.520675,467.62766,25.823843,261.96643,8.526444,167.6753,4.784432,140.50807,-1.3036494,143.64291,3.1776752,123.90773,-2.4628377,121.29963,5.1878085,92.09496,-3.8966672,94.538635,4.1843357,81.11213,-2.020715,71.243866,0.68358874,70.24846,-1.4312121,70.129005,1.1735201,59.532898,-3.0920675,68.69821,-0.08455866,71.614006,0.09262457,71.64849,-2.9751194,87.84804,country
,5556736,0.414535,0.092668116,0.23474307,0.010572296,2171.938842239834,1353186.763613089,2429.74255216918,364860.4001099208,4431.694493839397,5165887.829038431,0.0989846053298323,0.0109459113633451,-8.764563e-06,0.022890104,129.19921875,-81.99792,10497.938,104.37749,1706.2598,-1.4025192,827.98413,5.4213886,444.71838,11.940853,269.80197,2.2056808,321.58984,0.7754327,168.76656,0.9833575,156.01654,-2.7968962,110.36299,0.8842895,124.38926,-1.6242793,86.07292,1.9748244,84.593506,-2.8324132,82.998955,3.188599,68.00881,-2.8737864,68.70766,0.8701679,83.00206,-1.5026547,58.703705,0.26182142,59.88861,-3.4171126,70.4074,-0.4241242,76.92939,disco
,4817408,0.33714816,0.09598034,0.28693113,0.016142646,2172.325928745392,587557.080495624,2443.9294502651896,329126.194737213,4650.375535500797,3681374.0908127488,0.0864177383601222,0.0019055923023807,-1.3672534e-05,0.047733027,184.5703125,-77.19734,10967.915,85.36656,1488.7324,-5.905881,704.55286,1.4374285,451.1873,-2.6616445,493.2559,-5.238268,333.14468,2.2084212,345.62143,-8.048113,321.30545,-17.18434,252.63039,2.106485,306.01996,-6.2243476,210.45108,-0.7084514,177.1505,3.624208,150.67593,-0.6508852,155.95053,-1.5839589,134.37012,5.587259,96.31714,-3.5589395,69.93664,0.52866995,78.59144,-4.242173,89.02431,2.6994948,89.20324,reggae
,4580352,0.41413897,0.09475462,0.24858542,0.02013213,3260.318647970351,1693542.4587769052,2834.8937439107904,267946.7691013338,6727.211405970576,4301863.822102044,0.1658778234848273,0.0138619748016943,0.0006981711,0.03178168,117.45383523,-77.38919,13516.746,50.654716,2263.768,10.192899,1141.0305,17.596111,653.0777,10.428782,512.0933,1.8931136,266.33597,-16.34109,331.20245,-0.864831,193.05765,-8.162492,205.37967,-0.36128366,182.36734,1.7343287,175.78297,1.9468927,121.51294,-5.278211,120.24951,3.1291318,116.686676,-3.4121523,96.93387,1.4117832,108.86411,-7.499024,106.321465,2.723709,81.09067,-3.202304,78.72506,-2.5096831,67.07401,hiphop
,5293056,0.35685703,0.08489517,0.24399094,0.008617667,1824.7620718873252,671697.8258250043,1981.6199279655025,234980.80965087184,3687.6115410248817,2872834.156457151,0.0931422341226182,0.0035410528060666,-1.2099218e-05,0.03811284,123.046875,-60.928703,6812.1357,122.5959,1541.159,-12.6546955,386.84717,27.177082,156.16656,-4.576844,149.06746,13.235921,141.8065,-6.222304,101.82756,10.915226,91.09003,-3.2912939,93.02301,5.565472,91.7635,-7.8546033,91.465546,-1.0631553,61.875446,-2.107966,53.44774,2.9561691,47.187416,-3.237814,61.55909,-2.2096362,58.646526,-3.3191967,48.59735,-0.23219891,48.690445,-3.2328796,53.176197,-8.855883,67.73623,rock
,5054464,0.32067618,0.09281283,0.16102189,0.0032850695,2705.106613294495,798790.0877921126,2657.124863704398,381566.3475662372,5927.287332818198,3600180.576590376,0.1230730373398409,0.004410880361683,-0.0007869729,0.015127063,103.359375,-81.29701,7295.963,74.14021,808.9925,-4.8034015,360.03622,8.305197,259.2226,3.2988818,234.20331,3.0522892,174.87689,-4.6427155,172.63998,0.7951626,121.95164,-2.0025048,112.6517,2.6587758,118.528534,-2.0897088,124.12907,2.872476,78.15741,-3.288171,92.566284,3.923847,113.3516,-3.0843568,103.285675,5.9124684,121.193825,-2.235708,133.96072,4.9722285,130.8781,0.34912086,116.56061,3.9165535,118.03545,rock
,5003264,0.36331722,0.08604275,0.18515958,0.007528608,2198.32951285126,713553.3686860936,2345.2516089493115,492280.6876841057,4566.257507330464,3506448.1176285385,0.095707571641896,0.0026570218884931,-1.4812723e-05,0.023949225,86.1328125,-89.20072,18639.709,88.53841,1294.645,-5.2299557,399.4245,22.290829,217.25273,1.7313672,153.40991,2.9427652,203.90259,8.848209,176.97119,-1.6184618,167.21509,4.0508738,125.93562,3.9791286,74.83152,-1.5752056,82.881615,4.311674,59.941593,-3.4198992,88.384254,3.6570868,72.01081,0.4950276,76.63796,3.9600883,101.64043,2.6195865,76.40934,4.948949,68.66052,-1.9107403,67.68404,3.5332897,58.14347,metal
,4987392,0.37313393,0.09336155,0.28662157,0.0077535645,2564.037527321673,812570.0603219367,2797.589120687393,310426.2306243274,5917.078649168067,3515784.017574389,0.0879082676811743,0.0033268942057012,-7.274851e-06,0.058879077,117.45383523,-64.761024,8185.0444,67.62118,753.65295,29.60397,688.3627,37.32899,322.57816,9.875478,256.64478,9.971311,199.43051,5.990603,145.20773,10.04301,144.48038,-5.951572,153.70407,4.460047,128.79915,-3.0140154,117.98666,-2.108364,89.67388,-2.8378723,98.45931,-3.327055,102.56173,-4.4153485,101.34708,2.3117552,75.457664,-4.128215,72.241486,0.45710903,72.10808,-1.6033263,64.031395,-3.2526746,72.09659,blues
